{
  "model_name": "model_magic_steps_dl",
  "best_params": {
    "hidden_layers": [
      128,
      64
    ],
    "dropout": 0.3,
    "lr": 0.001,
    "batch_size": 64,
    "epochs": 100
  },
  "final_train_loss": 0.07800056528428505,
  "timestamp": "2026-03-07T21:38:41.038477"
}