{
  "metrics": {
    "accuracy": 0.9850249584026622,
    "balanced_accuracy": 0.9850249584026622,
    "precision_weighted": 0.9852233943530873,
    "recall_weighted": 0.9850249584026622,
    "f1_weighted": 0.9850226259692271,
    "f1_macro": 0.985022625969227,
    "cohen_kappa": 0.9775374376039934,
    "mcc": 0.9776389416519103,
    "log_loss": 0.044322687673339314,
    "top2_accuracy": 1.0,
    "roc_auc_ovr_weighted": 0.9992303454309373,
    "roc_auc_ovr_macro": 0.9992303454309374,
    "precision_atraso": 1.0,
    "recall_atraso": 1.0,
    "f1_atraso": 1.0,
    "precision_neutro": 0.9897610921501706,
    "recall_neutro": 0.9650582362728786,
    "f1_neutro": 0.9772535804549284,
    "precision_avanco": 0.9659090909090909,
    "recall_avanco": 0.9900166389351082,
    "f1_avanco": 0.9778142974527527
  },
  "confusion_matrix": [
    [
      601,
      0,
      0
    ],
    [
      0,
      580,
      21
    ],
    [
      0,
      6,
      595
    ]
  ],
  "classification_report": "              precision    recall  f1-score   support\n\n      atraso       1.00      1.00      1.00       601\n      neutro       0.99      0.97      0.98       601\n      avanco       0.97      0.99      0.98       601\n\n    accuracy                           0.99      1803\n   macro avg       0.99      0.99      0.99      1803\nweighted avg       0.99      0.99      0.99      1803\n",
  "model_params": {
    "hidden_layers": [
      128,
      64
    ],
    "dropout": 0.3,
    "lr": 0.001,
    "batch_size": 64,
    "epochs": 100
  },
  "class_labels": [
    "atraso",
    "neutro",
    "avanco"
  ]
}